category	es	us	meaning	example
Expressions	A backhanded compliment	Un insulto disfrazado como un cumplido	Un cumplido del atrás de la mano	His BC was mean.
Expressions	A backseat driver	Un pasajero que da consejos fastidiosos al conductor		
Expressions	A bag of tricks	Colección de métodos para conseguir una meta	 Funda de trucos	 Every English teacher has a big bag of tricks.
Expressions	A balancing act	"Hacer malabares" / Una situación difícil en la que tienes que lograr varias cosas a la vez	B = equilibrio	 Life is a balancing act.
Expressions	A ballpark figure (del #Béisbol)	Un cálculo aproximado		He gave me a ballpark figure of the price of his car.
Expressions	A big fish in a small pond	Alguien importante en un ambiente pequeño		
Expressions	A bird's-eye view	Visión general de algo	 Vista de ojo de pájaro	 The summary gives a bird's-eye view of the book.
Expressions	A blank check		 Un cheque en blanco	Dar autoridad para hacer lo que sea en negociaciones
Expressions	A blessing in disguise	Algo q' parece ser malo pero en realidad es bueno	Bendición disfrazada	It seems bad but it could be a BID
Expressions	A bombshell	Un anuncio inesperado	 Una bomba	 The news of their engagement was a bombshell.
Expressions	A blind date	Cita a ciegas		Una cita romántica entre 2 personas que no se conocen
Expressions	A brick wall	Un obstáculo	 Una pared de ladrillo	The negotiations have run into a brick wall and we don't know how to restart.
Expressions	A brown-nose	Alguien que es muy atento con los profesores (u otros) para obtener algo / "Cepillo"	 Una nariz marrón	
Expressions	A buck	un dólar		 I wouldn't do that if you paid me a thousand bucks!
Expressions	A bull in a china shop	Una persona que rompe muchas cosas o fastidia la gente	 Un toro en una tienda de porcelana	
Expressions	A change for the better	Un cambio positivo		 Eating fruit for breakfast is a change for the better.
Expressions	A cold fish	Una persona no muy amigable	 Un pescado frío.	It is hard to be her friend; she's a CF.
Expressions	A couch potato	Una persona perezosa	 Quien pasa el día en el sofá viendo la tele	
Expressions	A creature of habit	Alguien que prefiere la rutina		 I am a COH. Every Sunday at 9am, I make my coffee and read the newspaper.
Expressions	A cup of joe	Una taza de café	 Una taza de José.	 Every morning I have a cup of joe. Morning, Ecuador!
Expressions	A dark horse	Quien no tiene casi ninguna oportunidad de ganar. Pero, a veces gana!	 Un caballo oscuro	
Expressions	A dead ringer	Alguien que parece identico a otra persona		 My sister is a dead ringer for Selena Gomez.
Expressions	A dime a dozen	Muy común		A dime = 10 centavos
Expressions	A doozy (palabra muy coloquial)	Algo excepcional		 This storm is a real doozy.
Expressions	A double date	Cita doble		Cuando dos parejas salen juntas
Expressions	A dry run	Una práctica antes de un evento	 Una corrida seca	 Jamie and I did a dry run before our presentation
Expressions	A fence sitter	Indeciso	 Alguien que está sentado encima de una cerca.	 He needs to make up his mind and not be a FS.
Expressions	A far cry from	Algo muy diferente de / muy lejos de conseguirse	 Un grito muy lejos de	 Saying that is a far cry from doing it.
Expressions	A flash in the pan	Una flor de un día	 Un resplandor en el sartén	
Expressions	A full court press	Máximo esfuerzo	 Empujón	To meet our goal we need a FCP from the whole team.
Expressions	A full ride	Una beca completa	 Un paseo completo	 Your child can go to #university on a full ride in the US.
Expressions	A golden oldie	Una buena, vieja canción	 Un viejo dorado	Even some young people love to listen to golden oldies.
Expressions	A good egg	Ser una buena persona		I really like Ed; he's a good egg.
Expressions	A greasy spoon	Un restaurante muy barato	 Una cuchara grasiento (sucio)	
Expressions	A half-baked idea	Una idea que no está completamente desarrollada (peyorativo)	 medio-horneado	His business plan is half-baked
Expressions	A hand-me-down	Ropa usada heredada de un hermano/a mayor		 The youngest child always wears hand-me-downs.
Expressions	A happy medium	Punto de equilibrio, un plan de acción que no llega a los extremos.		We need to reach a happy medium on which we can agree.
Expressions	A head start	Una posición de empezar antes de la competición	 Estar pesado en mis pensamientos	 I am so sure that I will beat you that I'll give you a head start.
Expressions	A hop, skip and a jump	Una corta distancia	 Un salto, una cabriola y un brinco	I live just a hop, skip and a jump from here.
Expressions	"A household name"	Un nombre conocido por todos (Lit. En todas las casas)		Coca-cola, Kleenex and Justin Bieber are household names.
Expressions	A jaw-dropper	Causa de asombro total	 Lo que hacer caer la mandíbula	 The movie's ending was a real jaw dropper.
Expressions	A knockoff	Una imitación de un producto		 Her designer purse was a knockoff; it wasn't a real Gucci.
Expressions	A know-it-all = Un sabelotodo	A jack-of-all-trades = Quien lo hace todo; un todólogo		
Expressions	A leap of faith	Fe en algo intangible	 Un salto de fe	 It took a leap of faith for them to give him a chance at the role.
Expressions	A little bird told me	Me dijeron. 	 Un pajarito me dijo.	
Expressions	A little black book	Librito de números de teléfono, especialmente de chicos/as con intención romántica	 Librito negro	
Expressions	A long shot	Algo muy difícil/poco probable de cumplir.	 Un tiro largo	 He can try for that job, but it's a real long shot.
Expressions	A man of his word	Un hombre de palabra		 You can trust him; he's a man of his word.
Expressions	A man of the cloth	Un sacerdote, un hombre de fe	 Un hombre de la tela	Her uncle was a man of the cloth.
Expressions	A match made in heaven	Una combinación perfecta	1. combinación hecha en paraíso	 Cookies and milk are a match made in heaven!
Expressions	A no-brainer	Algo simple, obvio y claro para todos		 Between those two possibilities, the choice is a no-brainer.
Expressions	A penny for your thoughts?	¿Qué estás pensando?	 Un centavo por tus pensamientos.	
Expressions	A pain in the neck	Algo o alguien fastidioso		 Having to mow the grass every Saturday is a pain in the neck.
Expressions	A pipe dream		 Un sueño de pipa	Un sueño imposible
Expressions	A puddle jumper	Un avión pequeño para trayectorias cortas	 un "salta-charcos"	
Expressions	A red-eye flight	Un vuelo que uno toma por la noche y que llega a la mañana siguiente	 Un vuelo ojo-rojo	
Expressions	A road hog	Un conductor irresponsable	 Cerdo de carretera.	 Don't be a road hog just because you have a big car!
Expressions	A rude awakening	Sorpresa con el descubrimiento de la verdad	 Un despertar rudo	 The news of her betrayal was a rude awakening
Expressions	A sacred cow	Una persona o cosa que no puede ser criticado nunca	 Una vaca sagrada	
Expressions	A sense of direction	Un sentido de orientación		 I always get lost because I don't have a good sense of direction.
Expressions	A shindig			Una fiesta grande, con baile.
Expressions	A social butterfly	Una persona que se relaciona fácilmente entre diferentes grupos sociales	 Mariposa social	
Expressions	A slam dunk	Algo fácil de cumplir, seguro.		 Your winning the election is a slam dunk
Expressions	A slip of the tongue	Equivación al hablar	 Un lapsus de la lengua	I had a slip of the tongue and called him by the wrong name.
Expressions	A soap opera	Una telenovela		Los SO fueron llamados así porque los comerciales eran de productos de jabón en el principio.
Expressions	A stone's throw	A una distancia corta	 A un lanzamiento de piedra	 The bakery is a stone's throw from my house.
Expressions	A Sunday driver	Quien conduce lentamente. La idea es que conduce solamente los domingos para ir a misa.		I got stuck behind a Sun...
Expressions	A third wheel	Alguien que podría incomodar / "estar demás"	 Una tercera rueda	Joe and Maria are going to the movies; I don't want to be the third wheel.
Expressions	A token gesture	Un gesto simbólico		Adding 1 woman to the committee was just a token gesture; it didn't fix the gesture imbalance
Expressions	A tough cookie	Una persona difícil o dura	una galleta dura	
Expressions	A virtuous cycle: un círculo virtuoso	A vicious cycle: un círculo vicioso	Pron. Sai-k_l	Tambien se dice "circle" pero usamos más "cycle"
Expressions	A walk in the park	Algo fácil y agradable.	 Un paseo en el parque	 After all his tough jobs, this will be a walk in the park.
Expressions	A white knuckler	Que causa miedo o ansiedad	 Nudillos blancos	Una película llena de suspenso o un paseo (en avión, en carro) que asusta
Expressions	A white lie	Una mentira blanca o piadosa.		 You don't look like you've aged at all
Expressions	A wild goose chase	Una búsqueda inútil	 Una persecución de ganso salvaje	
Expressions	A teetotaler	Una persona que no bebe alcohol / abstemio		Pronunciación: TI - to - ta – ler
Expressions	Above board		 Encima del tablero	Legítimo, legal
Expressions	Achilles heel	Debilidad fatal	 El talón de Achilles	 My procrastination is my Achilles heel. What is yours?
Expressions	Across the board	En general / lo mismo para todos		 They were given a raise across the board of 10% (La frase viene de jugar cartas.)
Expressions	Adam's apple	La nuez de Adán	 La manzana de Adán	
Expressions	After one's own heart	Como le gustan a uno		 They are all teachers after my own heart!
Expressions	Against the flow	Hacer lo contrario de lo que los demás aceptan		 I went against the flow and disagreed with the group.
Expressions	Against your better judgment	Hacer algo, aunque usted no cree que debería		I stayed out late, against my better judgment.
Expressions	All dressed up and nowhere to go	Preparado para algo que no sucede		 When everyone cancelled plans I was ADUANTG.
Expressions	All hands on deck	Cuando todos deben ayudar		 With the deadline for the project approaching, we need all hands on deck.
Expressions	All in a day's work	Dentro de lo que es normal y esperada		 Going to multiple meetings a day is all in a day's work.
Expressions	All night long	Toda la noche		The baby cried all night long.
Expressions	All the more	Aún más		 Her success is all the more notable when you take into account what she has had to overcome.
Expressions	An ace up your sleeve	El "as" bajo la manga		En negociaciones cuando se tiene alguna ventaja sobre otros
Expressions	An accident waiting to happen	Un accidente anunciado / un peligro en potencia		 The pile of glasses is an accident...
Expressions	An acquired taste	Gusto adquirido		Greek wine is an acquired taste; it's a bit strong, but I like it.
Expressions	An inside joke		It doesn't make sense to you because it's an inside joke	Un chiste compartido entre amigos que otros no entienden
Expressions	An off-site	Reunión en un lugar que no es la oficina		 We had an off-site at the boss' house.
Expressions	An uphill battle or struggle	Una lucha difícil (Lit. cuesta arriba)		Fighting global warming is an uphill battle
Expressions	All things considered	En general		 All things considered, she is the best candidate for the job.
Expressions	An outbreak of	Un brote de	...violence	An outbreak of...
Expressions	Anybody who is anybody	Todo la gente importante o famosa		 Anybody who is anybody will be at the party.
Expressions	Apples and oranges	Dos cosas muy distintas	 manzanas y naranjas	You're comparing A and O; those are 2 very different things.
Expressions	Are you a "fair weather friend" or a true friend?	¿Eres en amigo en las buenas o en las malas?	 Un amigo cuando el clima es bueno	
Expressions	Around the clock	Continuamente; a toda hora		 My mom worries about me around the clock.
Expressions	"As different as night and day"	Muy diferente el uno del otro		 Although they are twins, they are as different as night and day.
Expressions	As fit as a fiddle	En buen estado de salud	 En tan buena condición como un violín	I was sick but now I am fit as a fiddle.
Expressions	As opposed to=a diferencia de, comparado con	Opposed to=contra de	I am opposed to smoking	It is 3% now as opposed to 2% last year.
Expressions	As phony as a three-dollar bill	Falso	 Tan falso como un billete de $3	 That charity is as phony as a three-dollar bill
Expressions	As proud as a peacock	Muy orgulloso	 Tan orgulloso como un pavo real	
Expressions	As soon as possible (ASAP)	Lo mas pronto posible	I need help ASAP.	 Please get it to me ASAP.
Expressions	Ash Wednesday	Miércoles de Ceniza		
Expressions	ASAP: as soon as possible	Lo mas pronto posible.		 Please give me the documents as soon as possible.
Expressions	At a loss for words = speechless	Mudo, estupefacto	The news left me speechless.	 The shocking news left me at a loss for words.
Expressions	At a moment's notice	De inmediato, en cualquier momento	 Con (solamente) un momento de notificación.	You need to be ready AAMN.
Expressions	At last	Por fin		 After trying for years, at last I was able to lose ten pounds.
Expressions	At last	Por fin / al fin		 You arrived at last! I had been so worried.
Expressions	At stake	Algo que puede ser ganado o perdido; en riesgo / estar en juego	2 His job is at stake	1 There is much at stake in the negotiations
Expressions	At the drop of a hat	Inmediatamente, sin hesitación		
Expressions	At ## o'clock sharp	A las ## en punto		 The meeting will start at 10am sharp.
Expressions	AWOL + absent without leave	Ausente sin permiso, un término originalmente militar		
Expressions	Backed into a corner	En una situación difícil	 Arinconado	 The police had the thief backed into AC
Expressions	Bad blood	Enmidad, malas relaciones	 Mala sangre	 There has been bad blood between their families for years.
Expressions	Back to back	Consecutivo y sin interrupción / seguidos	 Espalda con espalda	 I had back to back meetings all day. I'm pooped! (tired)
Expressions	Baker's dozen	¡13! ¡La docena del panadero tiene 13, porque da uno gratis!		
Expressions	Bang for the buck	El mayor provecho / obtener el mayor beneficio con la menor inversión		 This ad campaign really gave us bang for our buck! We sold so many new cars!
Expressions	Be careful what you wish for...	Cuidado con lo que deseas/pides...		
Expressions	Behind someone's back	Por escondidas		 I went to my friend's house behind my mother's back.
Expressions	Below the belt	Injusto	 Bajo el cinturón	
Expressions	Beltway	Carretera de circunvalación		
Expressions	2/2 Between a rock and a hard place	Ej Between living with his family or working far away to support them, John was BARAAHP.		
Expressions	1/2 Between a rock and a hard place	En situación difícil, sin buena opción	Entre una roca y un lugar duro	
Expressions	Birthday suit	Desnudo	 Traje de cumpleaños	 He came out of the bedroom wearing nothing but his birthday suit.
Expressions	Black Friday	El día después de Thanksgiving; hay muchos descuentos en las tiendas. Abre las compras para Navidad	 Viernes negro	
Expressions	Blood, sweat and tears	Gran esfuerzo personal	 Sangre, sudor y lágrimas	 We put a lot of blood, sweat and tears into rebuilding the town's school.
Expressions	BLT	A bacon, lettuce and tomato sandwich		Un sánduche de tocino, lechuga y tomate
Expressions	Blue ribbon	De primera categoría	 De cinta azul	 The director assembled a blue ribbon group to help him.
Expressions	Bone of contention	El asunto que causa desacuerdo / "manzana de la discordia"		 The real (bone of c...) is the # of workers on the night shift.
Expressions	Bottom of the barrel	Los peores de un grupo	 El fundo del barril	 The prisoners represented the BOTB of society.
Expressions	Bottom of the ninth	Los últimos momentos de una situación tensa (del béisbol)		It took us until the BOTN but we finished the project.
Expressions	bottleneck = un cuello de botella			
Expressions	Bowl Games	Partidos de futbol universitario en EEUU, después de la temporada normal.		 Rose Bowl, Alamo Bowl, Cotton Bowl, etc
Expressions	Brain drain	Fuga de cerebros		Cuando personas con mucho talento dejan una empresa o el país
Expressions	Bread and butter	Los medios de vida de una persona, su trabajo básico	 Pan y mantequilla	
Expressions	Break a leg!	Exclamación que significa "buena suerte"	 ¡Rompa una pierna!	
Expressions	Breakfast	Desayuno	 Romper el ayuno.	
Expressions	brown bag lunch	Una reunión a la hora del almuerzo cuando cada uno trae su propia comida.		
Expressions	By force of habit	Por fuerza de la costumbre		 Even though I was on vacation, I woke up at 6am by force of habit.
Expressions	By hook or by crook	Por cualquier manera necesaria o posible	http://idioms.thefreedictionary.com/by+hook+or+by+crook	Para historia de la frase:
Expressions	By the book	Al pie de la letra, siguiendo las reglas.	 De acuerdo al libro.	 He always does his work by the book.
Expressions	By the skin of one's teeth	Apenitas	 Por la piel de mis dientes	I got a B on the test by the skin of my teeth.
Expressions	By word of mouth	De boca en boca		 The best advertising is by word of mouth.
Expressions	Careful he doesn't give you a "knuckle sandwich."	Cuidado que no te pegue un puñetazo en la cara	 Un sándwich de nudillos	
Expressions	Carne: Como pedirla en el restaurante	Well done: bien hecho	Medium: término medio	Medium well: 3/4s
Expressions	Cash cow	Un producto o negocio que gana mucha plata		 That restaurant is a real cash cow; they're earning a ton of money!
Expressions	Catch you later	Hablamos más tarde / Nos vemos		
Expressions	Chargé d'Affaires	Encargado de negocios (del francés)		 As of today, the Chargé at the U.S. Embassy in Quito is Douglas Koneff.
Expressions	Chicken scratchings	Mala caligrafía / mala letra		(rasguños de pollo)
Expressions	Circular file	A garbage can – basurero	Cuidado si te dicen que han archivado su correo en "the circular...!	El tacho de basura
Expressions	Close but no cigar	Casi lograr un objetivo, pero no alcanza		 My guess was close but no cigar.
Expressions	COB = Close of Business	El final del día laboral, normalmente 5pm en EEUU		
Expressions	Cool as a cucumber	Muy relajado	 Frio como un pepino.	 He thought he would be nervous at the interview but he was cool as a...
Expressions	Come hell or high water	Contra viento o marea		No importa lo que pase; bajo cualquier circunstancia
Expressions	Conscience is clean	No tener sentido de culpa / Tener la conciencia tranquila		 I helped him every way I could. He's in trouble again but my conscience is clean
Expressions	Copycat	Imitador, una persona que copia las acciones de otra persona. 	 Un gato copión	
Expressions	Couch potato	Couch - sofa	Persona que lo pasa en el sofa	Potato - papa
Expressions	Course of action	Manera de proceder / Curso de acción		 Based on what has happened, we will determine the best course of action going forward.
Expressions	Crime does not pay	No hay crimen sin castigo	 El crimen no paga. Lema del FBI de 1927, ya un dicho	
Expressions	Cuando es un "violín" llamado un "fiddle"?	Cuando es utilizado para tocar música folclórica.		
Expressions	Cut from the same cloth	Cortados por la misma tijera	 C de la misma tela	You are so alike, U are CFTSC
Expressions	Dirt cheap	Muy barato	 Barato	 The outlets in Florida are dirt cheap!
Expressions	Do you get it? Entiendes?	I just don't get it. No entiendo.		
Expressions	Don't "block the box"	No bloquear la línea cebra		
Expressions	Don't mention it.	No hay de qué.	 No lo menciones	
Expressions	Don't hold your breath!	No esperes que algo pase pronto / Espera sentado	 No contengas tu respiración	If you are waiting for an apology, don't HYB.
Expressions	Down-to-earth	Con los pies sobre la tierra		 She is a very down-to-earth person.
Expressions	Drunk as a skunk	Muy borracho		 No one could take the boss seriously after seeing him drunk as skunk.
Expressions	Early bird special	Cuando la cena se sirve a las 4pm a un precio reducido, más popular con la tercera edad en #Florida		
Expressions	Earthquake = terremoto	I hope all of you are okay!		
Expressions	Easier said than done	Algo que parece fácil de hacer, pero que realmente as más difícil		 Learning to ride a bike is ESTD.
Expressions	Easter egg hunt	Los niños buscan los huevos de Pascua que están escondidos, son chocolates u otros dulces.		Típico en EEUU.
Expressions	Easy does it!	Cuando quiere que alguien hace algo con más cuidado o lentamente		 When my little brother pours milk, I say, EDI!
Expressions	Easy on the eyes	Atractivo	 Fácil a los ojos	 George is really easy on the eyes. All the girls love him.
Expressions	Eat your heart out!	Es una manera de decirte que vas a sentir envidia / "muérete de envidia"	 Coma su corazón!	 I lost 40 lbs. Eat your heart out!
Expressions	Elbow grease	Trabajo físico	 Grasa del codo	 Cleaning the house after the party took a lot of EG.
Expressions	Esprit de corps	(Del francés, usado en #inglés)	Orgullo y lealtad compartidos en un grupo / trabajar en un grupo con un mismo fin	Espíritu de cuerpo / Ponerse la camiseta
Expressions	Everything under the sun	Todas las cosas posibles	Todo bajo el sol	He claims he is the best at everything under the sun.
Expressions	Fair and square	Honestamente		 Sam won the contest fair and square.
Expressions	Fair play	Respeto a las reglas / Juego justo		 The soccer coach insisted on fair play and no unnecessary roughness.
Expressions	Far be it from me	No es mi lugar / No me corresponde		 Far be it from me to tell you what to do, but I think you should marry him
Expressions	Fast	Rapido/a, rápidamente	Ayunar	To fast
Expressions	Feast or famine	Demasiado o demasiado poco	 Banquete o hambruna	
Expressions	Fishy	Sospechoso	her surprise party!	 Ana thought something fishy was going on when everyone else came back late; they were planning
Expressions	Five o'clock shadow	La barba de tres días	 La sombra de las 5 de la tarde	
Expressions	Flat as a pancake 		 Tan llano cuanto un pancake (tortita)	Muy llano
Expressions	Flesh and blood	La familia	 Carne y sangre	 People put their own flesh and blood first
Expressions	Fly by night business	Transitorio, que no dura mucho tiempo		Un negocio no muy confiable que se mantiene por poco tiempo.
Expressions	From start to finish	Desde el principio hasta el final; completamente		 She was the leading candidate from start to finish.
Expressions	FYI - for your information	(Pron. Ef Wai Ai)	FYI, the elevator will be out of service for maintenance tomorrow.	Para tu información
Expressions	GED - Graduate Equivalency Diploma	Un certificado de un examen que remplaza el diploma de la escuela secundaria.		
Expressions	Give-and-take	Dar y recibir	Give it your best shot!	 Successful negotiation always requires a lot of give-and-take.
Expressions	Gross Domestic Product = GDP	Producto Interno Bruto = PIB		GDP=PIB
Expressions	Hands down	Sin lugar a dudas		 This is hands down the best ice cream in Guayaquil!
Expressions	Hands-on or hands-off manager	Hands-on manager: Un jefe que interviene mucho en las decisiones de su equipo		Hands-off manager: Un jefe que permite tomar decisiones a su equipo de trabajo
Expressions	Handwriting on the wall	Una advertencia, señal del futuro	Del libro Daniel, Biblia	I can read the HOTW, so I am leaving the company.
Expressions	Hang in there!	Mantente positivo; no te rindes.		 Hang in there. I'm sure you will find a job soon.
Expressions	He doesn't let anybody get a word in edgewise	Acapara la palabra; no deja hablar a nadie.		
Expressions	He wears his heart on his sleeve	Expresa sus emociones abiertamente	 Lleva su corazón puesto en su manga	
Expressions	Heads or tails	Sello o cruz		 Let's flip a coin. Which do you want? Heads or tails?
Expressions	"He's skating on thin ice."	Está haciendo algo riesgoso / Jugar con fuego	 Está patinando sobre hielo fino	
Expressions	Hog	1 Un cerdo (pig)		2 Una moto Harley-Davidson
Expressions	Home stretch	La recta final	 Tramo de casa	 The work is almost done; we're in the home stretch
Expressions	Hot off the press	Recién publicado y sensacional		 The news was hot off the press.
Expressions	HOV lane	High Occupancy Vehicle		Un carril para autos con 2 o más pasajeros
Expressions	I am as sick as a dog	Estoy muy enferma	 Estoy tan enferma como un perro	
Expressions	I am in your corner	Estoy de tu lado. Te apoyo.		
Expressions	I am used to it	Estoy acostumbrado a eso.		"Get used to it!" ¡Acostúmbrate!
Expressions	I can live with that.	Puedo manejarlo / puedo aceptarlo	 Puedo vivir con eso.	 You want to work nights? I can live with that.
Expressions	I can't wait to +V /for +noun	Estoy esperando con ganas	No puedo esperar.	 I can't wait to see you.
Expressions	I don't give a hoot	No me importa		 I don't give a hoot who she is, I still don't like her.
Expressions	I got a second wind	Tomar impulso / Encontré fuerzas a pesar de estar muy cansado	 Encontrar un segundo viento, de lenguaje de veleros	
Expressions	I heard it through the grapevine	Escuché rumores de que	 Escuché por el viñedo	Canción famosa: https://www.youtube.com/watch?v=hajBdDM2qdg
Expressions	I kid you not.	No estoy bromeando		 I kid you not, this is the best chocolate I've ever eaten.
Expressions	I know what you mean	Entiendo lo que quieres decir; tengo en mismo sentimiento que tu (sobre algo)		
Expressions	I wasn't born yesterday!	No soy tan ingenuo	 No nací ayer.	 I know what that should cost; I wasn't born yesterday!
Expressions	I wouldn't be caught dead	Yo nunca haría (tal cosa)	 No me pillarían ni muerto	 I wouldn't be caught dead in that dress!
Expressions	Icing on the cake	Algo bueno adicional a otra cosa buena		Going to Los Angeles after #Nevada would be IOTC.
Expressions	If I had my dithers	Si yo pudiera elegir lo que quisiera, si yo pudiera hacerlo como quisiera		
Expressions	If memory serves me right	Si mal no recuerdo	 Si la memoria no me falla	
Expressions	I'll eat my hat if…	Manera de decir que algo no pasará	 Comeré mi sombrero si…	I'll eat my hat if he really wins the race.
Expressions	I'm on top of the world.	Estoy muy, muy feliz.	 Estoy encima del mundo.	
Expressions	I'm not kidding	No estoy bromeando (estoy hablando en serio)		
Expressions	In a nutshell...	En breve; en pocas palabras	 En la cascara de una nuez	
Expressions	In great demand	Requerido por mucha gente / en gran demanda	#inglés 	Apple's products are in great demand. Shakira is in great demand.
Expressions	In one ear and out the other	Cuando una persona oye algo y lo olvida rápidamente	 Le entra por un oído y le sale por el otro	
Expressions	In one's Sunday best	En traje de domingo		En sus mejores prendas, como se viste para ir a la iglesia
Expressions	In our neck of the woods	En nuestra área		 If you are in our neck of the woods, come over for dinner.
Expressions	1. In the black	Con superávit	En déficit, endeudado	2. In the red
Expressions	In the public eye	En la escena pública	 En el ojo del público	 Becoming a politician thrust him into the public eye.
Expressions	In the wake of	Después de	 En la estela de	 In the wake of the crisis, we all need to work together.
Expressions	Inpatient - paciente hospitalizado	Outpatient - paciente externo		
Expressions	It just dawned on me that...	Acabo de darme cuenta de que...	 Me doy cuenta de que...	
Expressions	It went down the wrong way	Se me atragantó	 Bajó por vía mala	 (Coughing) I'll be okay; the water I was drinking just WDTWW
Expressions	It will never fly!	No funcionará o no será aprobado.	 No volará.	 That proposal is awful. It'll never fly!
Expressions	It's a piece of cake!	¡Es fácil!	 ¡Es un trozo de pastel	 Learning English is a piece of cake!
Expressions	It's a small world	Se dice cuando se ve las mismas personas en diferentes lugares		 I saw my teacher at the supermarket, IASW.
Expressions	It's a sore point	Es un tema delicado		 Her weight is a sore point; you better not mention it!
Expressions	It's above my pay grade.	Es una decisión que tiene que estar tomada a un nivel más alto.	 Está arriba de mi rango de pago.	
Expressions	It's high time	Ya es hora		 It is high time that my son takes responsibility for his actions.
Expressions	It's hit or miss	Tiene la misma probabilidad de tener éxito o fracasar		 I never know if I did well on exams; it's hit or miss.
Expressions	It's in the bag	Está seguro de ser logrado	 Estar en la funda	 Kelly has the election in the bag.
Expressions	It's like Grand Central Station	Dicho de cualquier lugar donde hay mucha gente	 Como la estación de Nueva York	
Expressions	It's like herding cats!	Es como llevar gatos en manada. Dicho cuando es difícil organizar gente, como un grupo de niños.		
Expressions	It's not the end of the world	No es lo peor que podría pasar	 No es el fin del mundo	
Expressions	It's part of its charm.	Es parte de su encanto.		 The street murals in Philadelphia are part of its charm.
Expressions	It's raining cats and dogs	Llueve a cántaros		
Expressions	Johnny-come-lately	Alguien nuevo, que se inicia en algo.		He was a Johnny-come-lately in the industry, after the trend had passed.
Expressions	Join the club!	Dicho cuando otro está en las mismas (malas) circunstancias	 Únete al club	Looking for work? Join the club!
Expressions	Just in case	Por si acaso		 It should be sunny today, but bring an umbrella just in case.
Expressions	Keep me in the loop	Manténgame informado.	 Manténgame en el circuito.	 Whatever changes you make to the plan, keep me in...
Expressions	Keep your eye on the ball	Quedarse enfocado en la meta. 	 Mantén tu ojo en el balón	
Expressions	Keeping up with the Joneses	Querer tener lo que tiene el otro		Cuando uno compara lo que tiene con lo que tiene sus vecinos. (La familia Jones)
Expressions	Last but not least	Por último pero no menos importante		 Last but not least, I want to thank my parents, who always...
Expressions	Lent	La Cuaresma		 During the 40 days of Lent, many US Catholics pick one favorite food to give up, such as chocolate.
Expressions	Let's do lunch sometime	Almorzemos (algún rato)		
Expressions	Liar, liar, pants on fire!	Mentiroso, mentiroso, nariz de Pinocho	 mentiroso, mentiroso, pantalones en llamas!	
Expressions	Like a head chicken with its head cut off	De manera caótica, frenética y posiblemente histérica		
Expressions	Light years away from	Años luz / lejos de		 Cell phones these days are LYAF the ones we used in the '90s
Expressions	Low blow	Golpe bajo		Un comentario o insulto injusto
Expressions	Make yourself at home	Siéntase en su casa		
Expressions	(Making money) hand over fist	Ganar dinero muy rápidamente / "a manos llenas"	 Mano sobre puño	The business is so good, he is...
Expressions	May I take a raincheck?	¿Puedo aplazar (una invitación) para otra día?	 ¿Puedo tomar un cheque de lluvia?	
Expressions	Mayday!	¡Ayuda! (para aviones y barcos)		La frase viene del francés "m'aider" lit. (¡ayúdame!)
Expressions	Mere	Solamente	A mere 3% growth: crecimiento de solamente 3%	 A mere child: solamente un niño (uno que es solamente un niño)
Expressions	MIA = Missing In Action	Perdido, como en guerra		 Sorry I was MIA for a while; I was traveling and lost my phone.
Expressions	1. Moonshine : licor destilado ilegalmente	2. Hooch: aguardiente	Grandpa made his own hooch during Prohibition.	Aguardiente destilado en casa
Expressions	Monday morning quarterback	Una persona que critica las acciones de otros después del hecho. Del futbol en EEUU, que se juega en		domingo.
Expressions	Murphy's Law	Lo que tiene que salir mal, saldrá mal.		
Expressions	My dogs are barking = My feet hurt	Me duelen los pies.	 Mis perros están ladrando.	
Expressions	My eyes are bigger than my stomach	Me serví demasiado comida	 Mis ojos son más grandes que mi estomago	
Expressions	My hands are tied	No puedo hacer nada / Estar atado de manos		 When it comes to visas, my hands are tied.
Expressions	My heart isn't in it	No tengo ganas de hacer X	 Mi corazón no está en X	 I don't want to run track anymore; MHIII.
Expressions	My house is "kitty-corner" from the school.	Kitty-corner: diagonal en la esquina		Mi casa está diagonal al colegio.
Expressions	My two cents	Mi opinión	 Mis dos centavos	
Expressions	Nature calls/Nature's calling	Tengo que ir al baño.	(¡De verdad lo decimos!)	(Llama la naturaleza.)
Expressions	Nest egg	Dinero ahorrado para el futuro	 Nido huevo	 When disaster struck, I had to use my nest egg.
Expressions	Next of kin	El/la pariente más cercano según la ley	(kin = pariente)	We notified the women's next of kin of her death.
Expressions	Night owl	Una persona a la que le gusta la noche más que el día / persona activa en la noche		 Mario is such a night owl; he studies until 4am every night!
Expressions	No harm done	No harm, no foul		 We almost had a scheduling conflict, but no harm done.
Expressions	No sooner said than done	Dicho y hecho		
Expressions	No spring chicken	Nada joven (usado en negativo)		 He is no spring chicken and really too old for that movie role.
Expressions	No strings attached	Una oferta sin restricciones y sin exigir nada a cambio	Sin cuerdas adjuntas	You can have this NSA.
Expressions	No sweat!	¡Ningún problema!	 Ningún sudor.	You need the project by Friday? No sweat; I'll have it to you COB Thursday.
Expressions	Not in my backyard!	Objeción a algo q' puede afectar a su propia comunidad	 ¡No en mi jardín!	 I told the nuclear company NIMBY!
Expressions	Not on your life!	¡Ni por sueño!	 ¡Ni por tu vida!	 Me? Bungee-jumping? Not on your life!
Expressions	Not my cup of tea	No es lo que me gusta/interesa	No es mi taza de te	I don't like horror movies, they're not my cup of tea
Expressions	Not to mince words	Hablar sin rodeos		 He didn't mince words but rather said exactly what he thought in a direct manner.
Expressions	Nothing to be sneezed at	Algo considerado como importante, como una suma	 Nada para estornudar	
Expressions	On a whim	Por capricho, sin planear, de pronto	2. I quit my job OAW but regretted it	 1. On a whim. We decided to go to Las Vegas for the weekend.
Expressions	Off season	Temporada baja.		 Hotels are always cheaper in the off-season.
Expressions	On behalf of	En nombre de		 On behalf of the Consulate, I would like to thank all our Facebook and twitter followers! :)
Expressions	On everyone's lips	Un tema de que todos hablan	 En los labios de todos	The gossip on everyone's lips is that they are a couple
Expressions	On foot	A pie		 Should we go on foot or by car?
Expressions	On the ball	Alerta, preparado		 She was always on the ball and ready for anything.
Expressions	On the house	Gratis (pagado por el dueño)	 Sobre la casa	
Expressions	On the fence	Indeciso		 He was on the fence about what to do.
Expressions	On the one hand ... on the other hand	Por un lado ... y por el otro lado		
Expressions	On the rebound	Recuperación después de algo difícil		 She went out with him because she is on the rebound.
Expressions	On the up and up	Honesto, legal		 They say he is corrupt but I think he is on the up and up.
Expressions	On the way	En camino.	2. Honey, I'm on my way home.	 1. We're going to John's house; let's stop for ice cream on the way.
Expressions	On your mark, get set, go!	Dicho para empezar una carrera.		En sus marcas, listo, fuera
Expressions	Once in a blue moon		 Una vez cada luna azul	 I only saw him once in a blue moon.
Expressions	On account of	A causa de		 We had to postpone the baseball game on account of the rain.
Expressions	On the back burner	En espera, suspendido para más tarde	 En el hornillo de atrás	Without funding, we have put our plans OTBB.
Expressions	On the ball	Alerta, preparado	 Encima de la pelota	 She was assigned the project because she is OTB.
Expressions	On the off chance	Por si acaso; si hay una remota posibilidad		 It is sunny now, but I'll take an umbrella OTOC it might rain.
Expressions	On the up and up 			 He's not corrupt; he's on the up and up.
Expressions	On time	A la hora, a tiempo		 The meeting started on time but it ran over.
Expressions	Once upon a time there was...	Érase una vez		
Expressions	Open season on	Temporada abierta	 El periodo cuando uno puede cazar o pescar	 It's OSO big game hunters
Expressions	Out of order	Fuera de servicio, roto		I am sorry, but the bathroom is out of order.
Expressions	Out of the blue	Inesperadamente		Out of the blue, she decided to quit university and join the army.
Expressions	Over and done with	Solucionado		 The days of domestic violence should be over and done with.
Expressions	Over and over (again)	Repitidamente		She kept saying over and over how sorry she was.
Expressions	Over my dead body	De ninguna manera	 Sobre mi cadaver	 Son, you are going to that party over my dead body. (No vas a ir.)
Expressions	Over the hill	Una persona mayor	 Sobre la colina	
Expressions	Over the counter medicine	Medicina sin receta medica		
Expressions	Palm Sunday - Domingo de Ramos	Holy Thursday - Jueves Santo	Easter Sunday - Domingo de Pascua de Resurrección	Good Friday - Viernes Santo
Expressions	Par for the course	Típico (para el tereno); habitual; lo esperado (término del golf)		Sadly, discriminaton was PFTC in the 1960's
Expressions	Pardon my French	Perdone mi lenguaje (mal hablado)	 Perdone mi Frances	Pardon my French, but I swear like a truckdriver.
Expressions	Party pooper	Es ser un "aguafiestas"!		
Expressions	PBnJ	A peanut butter and jelly sandwich		Un sánduche de mantequilla de maní y mermelada.
Expressions	Pecking order	Jerarquía	 To peck = picotear	 Even among groups of children, a pecking order quickly develops.
Expressions	Pep Rally	Un evento para subir el humor de aficionados de un equipo antes de un partido		
Expressions	Perish the thought!	Dicho para algo que no quieres que pase / Dios nos libre	 Perezca el pensamiento	 Me? Move to China? Perish the thought!
Expressions	Poetic justice	Castigo / justo		It's poetic justice that the boat they stole had a leak (fuga) and they sunk (hundieron).
Expressions	Pronunciation:	Corps (cuerpo) pronounced COR	Corpse (cadaver) pronounced CORPS	Marine Corps, Peace Corps, Consular Corps
Expressions	Quiet as a mouse	Muy silencioso	 Silencioso como un ratón	 The thief was as quiet as a mouse.
Expressions	Rain check	1. Un compromiso para hacer algo en otra ocasión.		 Sorry, I can't do lunch today. Rain check?
Expressions	Rain check (take or get)	2. Un bono para comprar algo con descuento en otra fecha porque la tienda no lo tiene durante la		rebaja.
Expressions	Rain or shine	A pesar del tiempo, llueva o haga sol,		 We will go to the park tomorrow, rain or shine.
Expressions	Rain, rain go away, come again another day! (Classic children's rhyme)	Lluvia, aléjate lluvia, vuelve otro día!		
Expressions	Rat race	Ajetro cotidiano especialmente en el trabajo / vivir a la carrera	 Competencia de ratas	 I want to leave this rat race and retire!
Expressions	Raw materials	Materias primas		
Expressions	Room and board	Alojamiento y comida		 Your budget for university needs to include room and board.
Expressions	Safety in numbers	Seguridad en grupo		 When walking through a bad neighborhood, there is safety in numbers.
Expressions	"Saturday night special"	Una pistola barata		
Expressions	She is "one smart cookie"	Es muy intelligente.	 Es una galleta inteligente	
Expressions	Short and sweet	corto y conciso	 Corto y dulce	We don't have much time, so let me make this talk short and sweet.
Expressions	Shotgun! (to ride shotgun)	Ir en el asiento del copiloto / dar apoyo	 ¡Escopeta!	Vea la historia: https://en.wikipedia.org/wiki/Riding_shotgun
Expressions	Significant other	Esposo/a, pareja, novio/a, acompañante	 Su "otro importante"	
Expressions	Silence is golden	En boca cerrada no entran moscas	 El silencio es oro	
Expressions	Six feet under	Muerto	 Seis pies debajo (la tierra)	 When that happens I'll be six feet under.
Expressions	Slow as molasses in January	Muy lento	 Lento como la melaza en enero	
Expressions	Snowbirds	Gente q viven en tierra fría en verano y en tierra caliente en invierno.		SB live in Florida in winter & NY in the summer.
Expressions	So far so good	Hasta ahora todo va bien.		
Expressions	Solid as a rock	Tan sólido como la piedra; muy solido		 Our relationship is solid as a rock.
Expressions	Somewhere along the way	Por el camino		 Let's stop somewhere along the way to buy some ice cream!
Expressions	Speak of the devil	Dicho cuando estás hablando de alguien y llega	 Hablando del diablo	 SOTD, we were just talking about you
Expressions	Spoiler	1. Alguien que arruina o hecha a perder algo		2. Alguien que revela el final de una historia antes de ver/leer toda la historia
Expressions	Sticker shock	El impacto de ver precios altos	 Impacto del precio	I went through sticker shock when I was shopping in London.
Expressions	Straight from the horse's mouth	Directamente de la fuente	 De la boca del caballo	
Expressions	Teacher's pet	El/la favorito alumno/a del profesor(a)	 Mascota del profesor	
Expressions	TGIF = Thank God It's Friday!	Gracias a Dios es viernes		¡Que tengan un buen fin de semana!
Expressions	That's more like it!	Eso está mejor.	 Eso es más como es ello	 When I got A's at school, Mom said "Now that's more like it!"
Expressions	Take it from me	Créeme		Take it from me, the Galapagos is worth visiting!
Expressions	TBD: to be decided	Por definir		 The dinner with the Ambassador will be at January 15 at 7pm, restaurant TBD.
Expressions	TGIF = Thank God It's Friday!	Gracias a Dios es viernes		¡Que tengan un buen fin de semana!
Expressions	That's a horse of another color	Eso es harina de otro costal	 Eso es un caballo de otro color	
Expressions	"The 3 R's"	Referencia a educación: Reading, wRiting & aRithmetic (Leer, escribir, aritmética)		School needs to teach the 3 R's...
Expressions	The advantage of +verb-ing	La vantaja de		 Not everyone has the advantage of studying a foreign language.
Expressions	The big cheese	La persona importante		 I thought I was going to meet with someone lower ranking, but I met the big cheese!
Expressions	The foggiest (idea)	La más mínima idea	 La más brumosa	 I don't have the foggiest what the answer is.
Expressions	The fox guarding the henhouse	El zorro cuidando el gallinero 		
Expressions	The granddaddy of them all	El mayor de todos / el patriarca		 When I went fishing I caught the grandaddy of them all.
Expressions	The grass is always greener (on the side of the fence)	Lo que tienen los otros siempre parece mejor	 El pasto del vecino siempre es más verde	
Expressions	The graveyard shift	El turno de trabajo en la mitad de la noche, ej 12-8am.		Graveyard = cementerio, shift = turno de trabajo
Expressions	The hair of the dog that bit you	Bebida alcohólica para curar la resaca / "Con la misma lana del perro se cura"	 El pelo del perro que te mordió	
Expressions	The honor system	Se confíe que la gente sigue las reglas por su honor		En mi tierra, pagamos verduras así
Expressions	The ins and outs of	Todos los detalles y maneras de hacer algo		After 1 year he is still learning the I&O of international shipping
Expressions	The kitchen sink		 El lavabo de la cocina	Símbolo de cosas no útiles
Expressions	The left hand doesn't know what the right hand is doing	Comunicación pobre entre dos partes.	 La mano izquierda no sabe lo que la mano derecha está haciendo.	
Expressions	The lion's share	La mayoría	 La porción del león.	 He ate the lion's share of the pie.
Expressions	The movers and shakers	La gente activa que producen resultados (los que mueven y sacuden)		Are you a mover and shaker?
Expressions	The new kid on the block	Persona nueva en el área (en la cuadra)		My company is the new kid on the block but we are gaining ground fast
Expressions	The proof is in the pudding.	No se puede juzgar algo hasta que lo haya probado sí mismo.	 Le prueba está en el pudín.	
Expressions	The pros and cons	Los pros y contras		 Before we made the decision to buy the house, we weighed the pros and cons.
Expressions	The rock-bottom offer	La oferta más baja; la oferta final		That's my rock-bottom offer! Take it or leave it!
Expressions	The Sandman	Libro de historietas cómicas		
Expressions	The status quo	El estado actual, la actual situación		 Change is hard; people are most comfortable with the status quo.
Expressions	The straw that broke the camel's back	La gota que derramó el vaso	 La paja que rompió la espalda del camello.	"the last straw"
Expressions	The tail end of X	El final de X	 Al final de la fila	I just caught the tail end of the show on TV.
Expressions	The tip of the iceberg	La punta del iceberg		(Una pequeña parte que se ve de un problema más grande)
Expressions	Them's fightin' words!	"Esas son palabras de guerra," dicho normalmente en broma entre amigos.		
Expressions	There are no flies on X	X es inteligente y piensa rapidamente		Maria can get this done fast. There are no flies on her!
Expressions	There's more than enough	Es más que suficiente		Stay and have supper with us, there's more than enough for us all.
Expressions	There's more to it than meets the eye	Las apariencias engañan		
Expressions	Thin-skinned: sensible, quien fácilmente se siente ofendido	thick-skinned: insensible, quien no se siente fácilmente ofendido		
Expressions	Things are looking up.	Las cosas están mejorando.		 With everyone working together, things are looking up.
Expressions	Three Second Rule	Que la comida que se cayó se puede comer si no se ha quedado más de 3 segundos en el suelo.		(¡Si, sé que es asqueroso!)
Expressions	Through and through	Completamente		 Although he was born elsewhere, he is an Ecuadorian through and through.
Expressions	Through thick and thin	En las buenas y en las malas	 Entre lo grueso y delgado.	 He was a good friend through...
Expressions	Tricky word pronunciation for today:	Island (isla): Pronounced Ai-land. The S is silent.		Iceland (country) Pronounced Ais-land; S not silent
Expressions	1/2 Turning in his grave	Dicho para un disgusto para una persona muerta, si estuviera en vida per verlo		Grave = tumba
Expressions	2/2 Dad would be turning in his grave at what they have done to his office.			
Expressions	TV dinner	Una comida preparada que se vende donde las comidas congeladas. La idea es que se come delante la		televisión.
Expressions	Under one's breath	Murmurar, hablando muy bajito.	 Más bajo que la respiración	 He made a nasty remark under his breath.
Expressions	Under the auspices of	OJO: no "the auspice"!		 The conference was held under the auspices of the Consulate.
Expressions	Under the table	Secretamente, ilegítimamente	 Debajo de la mesa	
Expressions	Until the cows come home	Hasta muy tarde, por mucho tiempo		I can talk about my family until the cows...
Expressions	Up-and-coming	Quien progresa y tiene posibilidades de éxito en el futuro; prometedor		 He is an up-and-coming young politician.
Expressions	Up in the air	Sin resolverse	 Arriba en el aire	 The decision was still up in the air.
Expressions	Wake up and smell the coffee!	¡Dése cuenta de la realidad!	 ¡Despiértese y huela el café!	
Expressions	Wear and tear	Desgaste y deterioro		 You will be charged for anything beyond normal wear and tear of the rental car
Expressions	We're not in Kansas anymore	Ya estamos lejos de lo conocido y lo cómodo		De la película "The Wizard of Oz"
Expressions	Were you raised in a barn?	¿Es que no tienen puertas en tu casa?	 ¿Creciste en un establo? Usado cuando se deja la puerta abierta	
Expressions	What a turkey!	¡Qué persona antipática!	 ¡Qué pavo!	
Expressions	What's eating you?	Que te está molestando?	 ¿Qué te está comiendo?	
Expressions	What's on your mind?	Que estás pensando?	 ¿Qué está en tu cerebro?	mind = brain = cerebro
Expressions	What's a store's or website's Return Policy?	Las condiciones bajo las cuales uno puede devolver algo que ha comprado		
Expressions	What's the use of…?	Para que…?	(Para qué mudarse.)	 What's the use of moving? This house is great.
Expressions	When all is said and done	Al fin y al cabo	 Cuando todo está dicho y hecho	
Expressions	Where are you sitting if you are "riding shotgun" in a car?	En el asiento del pasajero de adelante.		
Expressions	Who/Whom graphic 			
Expressions	Whiteout	Cuando hay tanta nieve cayendo que uno tiene muy poca visibilidad.		 During the whiteout, he couldn't see to drive!
Expressions	With all due respect	Con el debido respeto		 With all due respect, I disagree strongly with your opinion.
Expressions	With flying colors	Con éxito total		 She passed her exam with flying colors
Expressions	Within an inch of (my) life	A las puertas de la muerte	 A una pulgada de vida	I came within an inch of my life in that car accident.
Expressions	Without batting an eye	Sin pestañear		 He told his teacher a lie without batting an eye.
Expressions	Without rhyme or reason	Sin ton ni son	 Sin ritmo ni razón	
Expressions	#WTO (World Trade Organization)	OMC (Organización Mundial del Comercio)		
Expressions	X is anyone's guess	Nadie sabe X; ¿quién sabe?; es una incógnita	 La suposición de alguien	 When the war will end is anyone's guess.
Expressions	You are the cream of the crop!	¡Eres lo mejor de lo mejor!	 Eres la crema de la cosecha.	
Expressions	You can write your own ticket	Tienes tu futuro asegurado	 Puedes escribir tu proprio billete	
Expressions	You crack me up	Me haces reir		
Expressions	You scratch my back and I'll scratch yours	Si mes ayudas, te ayudo	 Me haces un favor, yo te hago otro	"quid pro quo" en latino, usado en inglés también.
Expressions	You win some, you lose some.	A veces se gana, a veces se pierde.		
Expressions	Your back to the wall	Entre la espada y la pared	 Tu espalda a la pared	Estas en muy mala situación de negociación
Expressions	Your John Hancock	Tu firma		 Put your John Hancock on the contract.